Timestamp,Op-Count,Byte-Count,Avg-ResTime,Avg-ProcTime,Throughput,Bandwidth,Succ-Ratio,Version-Info,,
,cleanup-delete,cleanup-delete,cleanup-delete,cleanup-delete,cleanup-delete,cleanup-delete,cleanup-delete,Min-Version,Version,Max-Version
14:49:16,429,0,11.66,11.66,85.65,0,100%,0,0,0
14:49:21,429,0,11.65,11.65,85.65,0,100%,1,1,1
14:49:26,427,0,11.71,11.71,85.3,0,100%,2,2,2
14:49:31,429,0,11.67,11.67,85.61,0,100%,3,3,3
14:49:36,426,0,11.71,11.71,85.2,0,100%,4,4,4
14:49:41,427,0,11.7,11.7,85.38,0,100%,5,5,5
14:49:46,430,0,11.6,11.6,85.93,0,100%,6,6,6
14:49:51,203,0,11.66,11.66,85.65,0,100%,7,7,7
